,SRR5616889,SRR5616890,SRR5616891,SRR5616892,SRR5616893,SRR5616894,SRR5616895,SRR5616896,SRR5616897,SRR5616898,SRR5616899,SRR5616900,SRR5616901,SRR5616902,SRR5616903,SRR5616904,SRR5616905,SRR5616906,SRR5616907,SRR5616908,SRR5616909,SRR5616910,SRR5616911,SRR5616912,SRR5616913,SRR5616914,SRR5616915,SRR5616916,SRR5616917,SRR5616918,SRR5616919,SRR5616920,SRR5616921,SRR5616922,SRR5616923,SRR5616924
TCCGCGGGAAACAG,0.0,0.0,0.0,7.47105201604841e-09,0.0,0.0,0.0,0.0,7.061653995275398e-09,0.0,0.0,0.0,0.0,0.0,6.4754397185581085e-09,0.0,0.0,7.257776953736898e-09,7.513743138567764e-09,8.09422896436008e-09,8.923586979959581e-09,6.985001056474819e-09,8.126594000610332e-09,6.7894997601753325e-09,7.709096990041282e-09,6.960647649088975e-09,6.510704469091966e-09,6.726833307101125e-09,7.238024088432504e-09,7.069303903920803e-09,7.0343436472386915e-09,7.871556057708866e-09,8.941085690218837e-09,6.732257420758121e-09,6.768071926558735e-09,7.243046660076372e-09
ACGTGATTCCAAAC,7.49815494594841e-09,0.0,8.696465490614875e-09,7.47105201604841e-09,7.78521581587734e-09,6.586193465011564e-09,7.146936054008246e-09,6.78698438785591e-09,0.0,6.607491463041846e-09,6.277854913185078e-09,7.105400069546208e-09,0.0,6.40358996551107e-09,6.4754397185581085e-09,6.958925500869621e-09,6.1806990715558165e-09,0.0,0.0,0.0,0.0,0.0,0.0,0.0,0.0,0.0,0.0,0.0,0.0,0.0,0.0,0.0,0.0,0.0,0.0,0.0
GGGGTACTGTAGTA,7.49815494594841e-09,7.455265877560014e-09,8.696465490614875e-09,7.47105201604841e-09,7.78521581587734e-09,6.586193465011564e-09,7.146936054008246e-09,6.78698438785591e-09,7.061653995275398e-09,6.607491463041846e-09,6.277854913185078e-09,7.105400069546208e-09,6.56242068657392e-09,6.40358996551107e-09,6.4754397185581085e-09,6.958925500869621e-09,6.1806990715558165e-09,0.0,0.0,0.0,0.0,0.0,0.0,0.0,0.0,0.0,0.0,0.0,7.238024088432504e-09,7.069303903920803e-09,7.0343436472386915e-09,0.0,0.0,0.0,0.0,0.0
TCGTATTCCCATCT,7.49815494594841e-09,7.455265877560014e-09,0.0,7.47105201604841e-09,7.78521581587734e-09,6.586193465011564e-09,7.146936054008246e-09,6.78698438785591e-09,7.061653995275398e-09,6.607491463041846e-09,6.277854913185078e-09,7.105400069546208e-09,6.56242068657392e-09,6.40358996551107e-09,6.4754397185581085e-09,6.958925500869621e-09,6.1806990715558165e-09,0.0,0.0,0.0,0.0,0.0,0.0,6.7894997601753325e-09,0.0,0.0,0.0,6.726833307101125e-09,0.0,0.0,0.0,0.0,0.0,0.0,0.0,0.0
TAAATAACTTCGCT,7.49815494594841e-09,7.455265877560014e-09,8.696465490614875e-09,7.47105201604841e-09,7.78521581587734e-09,6.586193465011564e-09,7.146936054008246e-09,6.78698438785591e-09,7.061653995275398e-09,0.0,6.277854913185078e-09,0.0,6.56242068657392e-09,6.40358996551107e-09,6.4754397185581085e-09,6.958925500869621e-09,6.1806990715558165e-09,0.0,0.0,0.0,0.0,0.0,0.0,0.0,0.0,0.0,6.510704469091966e-09,0.0,0.0,0.0,0.0,0.0,0.0,0.0,0.0,0.0
ACTCGACCAAAAAT,7.49815494594841e-09,7.455265877560014e-09,8.696465490614875e-09,7.47105201604841e-09,0.0,6.586193465011564e-09,7.146936054008246e-09,6.78698438785591e-09,7.061653995275398e-09,6.607491463041846e-09,6.277854913185078e-09,7.105400069546208e-09,6.56242068657392e-09,6.40358996551107e-09,6.4754397185581085e-09,6.958925500869621e-09,6.1806990715558165e-09,0.0,0.0,0.0,0.0,0.0,0.0,0.0,0.0,0.0,0.0,0.0,0.0,0.0,0.0,0.0,0.0,6.732257420758121e-09,6.768071926558735e-09,0.0
CGCATTATCATTCC,7.49815494594841e-09,7.455265877560014e-09,8.696465490614875e-09,7.47105201604841e-09,0.0,6.586193465011564e-09,7.146936054008246e-09,6.78698438785591e-09,7.061653995275398e-09,6.607491463041846e-09,6.277854913185078e-09,7.105400069546208e-09,6.56242068657392e-09,6.40358996551107e-09,6.4754397185581085e-09,6.958925500869621e-09,6.1806990715558165e-09,0.0,0.0,0.0,0.0,0.0,0.0,0.0,0.0,0.0,6.510704469091966e-09,0.0,0.0,7.069303903920803e-09,0.0,0.0,0.0,0.0,0.0,0.0
TAGAAGATCTATAC,7.49815494594841e-09,7.455265877560014e-09,8.696465490614875e-09,7.47105201604841e-09,7.78521581587734e-09,6.586193465011564e-09,0.0,6.78698438785591e-09,0.0,6.607491463041846e-09,6.277854913185078e-09,7.105400069546208e-09,6.56242068657392e-09,6.40358996551107e-09,6.4754397185581085e-09,6.958925500869621e-09,6.1806990715558165e-09,0.0,0.0,0.0,0.0,0.0,0.0,0.0,0.0,0.0,0.0,6.726833307101125e-09,0.0,0.0,0.0,0.0,0.0,0.0,0.0,0.0
TCACTAACCTGTTG,7.49815494594841e-09,7.455265877560014e-09,8.696465490614875e-09,7.47105201604841e-09,0.0,6.586193465011564e-09,7.146936054008246e-09,6.78698438785591e-09,0.0,6.607491463041846e-09,6.277854913185078e-09,7.105400069546208e-09,6.56242068657392e-09,6.40358996551107e-09,6.4754397185581085e-09,6.958925500869621e-09,6.1806990715558165e-09,0.0,0.0,0.0,0.0,0.0,0.0,0.0,0.0,0.0,0.0,0.0,0.0,0.0,0.0,0.0,0.0,0.0,0.0,7.243046660076372e-09
AGTCGACAAAAGAG,7.49815494594841e-09,7.455265877560014e-09,0.0,7.47105201604841e-09,7.78521581587734e-09,6.586193465011564e-09,7.146936054008246e-09,6.78698438785591e-09,7.061653995275398e-09,6.607491463041846e-09,6.277854913185078e-09,7.105400069546208e-09,6.56242068657392e-09,6.40358996551107e-09,6.4754397185581085e-09,0.0,6.1806990715558165e-09,0.0,0.0,0.0,0.0,0.0,8.126594000610332e-09,0.0,0.0,0.0,0.0,0.0,0.0,0.0,0.0,0.0,0.0,0.0,0.0,0.0
