,SRR6261682,SRR6261684,SRR6261686,SRR6261688,SRR6261690,SRR6261692,SRR6261696,SRR6261702,SRR6261704,SRR6261706,SRR6261708,SRR6261710,SRR6261714,SRR6261716,SRR6261720,SRR6261722,SRR6261724,SRR6261726,SRR6261728,SRR6261730,SRR6261732,SRR6261734,SRR6261736,SRR6261738,SRR6261740,SRR6261742,SRR6261744,SRR6261746,SRR6261756,SRR6261758,SRR6261761,SRR6261762,SRR6261764,SRR6261766,SRR6261768,SRR6261770,SRR6261773,SRR6261774
TCATCAC,6.533669005174858e-05,6.588787811144764e-05,6.440986937898341e-05,6.411324694985422e-05,6.57959440696337e-05,6.5218681335572e-05,6.417535597396018e-05,6.521912956350134e-05,6.4597027004011e-05,6.695450990991548e-05,6.505275782473202e-05,6.56045930189537e-05,6.45082031332427e-05,6.510925418495922e-05,6.618066536682574e-05,6.60333218511869e-05,6.53314880277943e-05,6.59709635543228e-05,6.683511239019374e-05,6.730345074713622e-05,6.640194763215152e-05,6.726312135916581e-05,6.648583315215859e-05,6.78748839455282e-05,6.52432918477836e-05,6.557437531852286e-05,6.523443591120022e-05,6.62735800627588e-05,6.680843351912719e-05,6.609621522675558e-05,6.717799990311145e-05,6.613038109280356e-05,6.653494320276945e-05,6.697482377279081e-05,6.533159888240985e-05,6.612554371455071e-05,6.550762833328558e-05,6.681198452083642e-05
CCGCATA,8.735124177049956e-05,8.800677951679866e-05,8.213354107379477e-05,8.744861173198642e-05,8.874581867260524e-05,8.283567754034432e-05,8.276461105002949e-05,8.509998097887064e-05,8.435363379632987e-05,8.881546173038343e-05,8.491789230952053e-05,8.708355446635181e-05,8.470754338151678e-05,8.375275352019139e-05,8.877655168901297e-05,9.031981926457793e-05,8.624327569248278e-05,8.8728367366066e-05,9.111398960894714e-05,9.094840570436539e-05,9.02538721006206e-05,9.01491407750329e-05,9.148054413168177e-05,9.010733043768554e-05,8.71657679695252e-05,8.549817558716207e-05,8.73430943835307e-05,9.271710634780731e-05,8.974569496210897e-05,8.761588307223175e-05,9.006246078388699e-05,8.695250724123673e-05,9.17438483674708e-05,9.081462301371396e-05,8.769570215099992e-05,9.08275690744893e-05,8.66543905015794e-05,8.95946323650953e-05
ACGTACT,0.00010192085909334274,0.00010333295606907041,9.900884225042806e-05,9.873249538438105e-05,0.00010913141141570396,9.95607748448693e-05,9.789539617798511e-05,0.00010248086367177206,9.986575768626595e-05,0.00010590786235204259,9.908462864946824e-05,0.000100194320981512,0.00010029474183612986,9.877383194411051e-05,0.00010488642027933236,0.00010423332973401124,0.00010044992198086774,0.00010339848369555898,0.00010880781328278627,0.00010738786596132711,0.00010816934122626778,0.00011009783621748135,0.00010937761570385284,0.00011271826324913025,0.00010380695043251423,0.00010115486553150914,0.00010100181405000937,0.00010840844105547034,0.00010296818298032293,0.00010312243769553474,0.00010603481313527105,0.00010291404416108803,0.00010976514039300688,0.00011325630273521732,0.00010299909102112732,0.00010651507231074038,0.00010231317500506119,0.00010346851539638625
TCGCATC,7.763017421304967e-05,7.932730272795331e-05,7.144814354076528e-05,7.508386270397976e-05,7.989382338670797e-05,7.501056750550032e-05,6.926530086404762e-05,7.23569415441938e-05,7.696848265018795e-05,8.450801833347859e-05,7.334391273247187e-05,7.868153127327953e-05,7.160824759292374e-05,7.375747043440663e-05,8.276104745587762e-05,8.096716101523706e-05,7.731921619082452e-05,7.697082600987536e-05,8.377275364044714e-05,8.683098398067763e-05,8.262976206196868e-05,8.697696091731419e-05,7.916025209441607e-05,9.186738794558467e-05,7.78411559004283e-05,7.920282706225876e-05,8.012245473144079e-05,8.603289490772794e-05,8.002226715904149e-05,7.95043936155793e-05,8.00008207762343e-05,7.775926539712908e-05,8.520802437858749e-05,8.437000558243455e-05,7.747901888174999e-05,8.320299323865068e-05,7.723802874442353e-05,7.87368467667227e-05
GACACGT,6.0137034259747176e-05,6.186582680664473e-05,5.8687911763346676e-05,5.734107287374586e-05,6.236839358818178e-05,5.93058063523e-05,5.7627811017842865e-05,5.869744870613995e-05,5.9725589322296226e-05,6.291656888584158e-05,5.844889252540341e-05,5.895004586520417e-05,5.685056027086531e-05,5.713545968964e-05,6.194465108920854e-05,6.129029449208665e-05,6.0791394500644264e-05,6.151811597262896e-05,6.29267436284265e-05,6.27031030733875e-05,6.22301204156022e-05,6.449730072409896e-05,6.185541363835309e-05,6.555831996839626e-05,6.076925822102466e-05,6.027920112683047e-05,6.0102518090888145e-05,6.31533135202369e-05,6.141398491235853e-05,6.0711284679570914e-05,6.225554644577823e-05,6.154202762287641e-05,6.472749004927894e-05,6.584055015315134e-05,6.0465658762006883e-05,6.057838020719387e-05,5.959111923473449e-05,6.126505244094781e-05
CTCCTAC,5.043878143478292e-05,5.305817376860877e-05,5.0303957679370386e-05,4.9805338365012063e-05,5.1984015537280964e-05,5.0938486872387044e-05,5.066008087314361e-05,4.9597469196371906e-05,5.116471663595003e-05,5.1511925196855186e-05,5.101608476422629e-05,5.099569165279687e-05,5.170540365304695e-05,5.029469909401963e-05,5.193143203475439e-05,5.251397352115656e-05,5.170134381116681e-05,5.222970941740795e-05,5.1710826439719297e-05,5.311738637459626e-05,5.31077309747389e-05,5.2863404174214827e-05,5.2110717818081865e-05,5.4683665147763865e-05,5.14933207598558e-05,5.196666877996366e-05,5.299582803169373e-05,5.3810473766851476e-05,5.18764620934818e-05,5.2638062288647974e-05,5.117835698986703e-05,5.154992245166259e-05,5.365346158971051e-05,5.340272700964564e-05,5.1135289180981384e-05,5.227191194609115e-05,5.075892825493954e-05,5.2373939193747e-05
CACACGA,7.545067708334557e-05,7.845207866294439e-05,7.421911710003814e-05,7.208929734692809e-05,7.79812615930562e-05,7.444706177529086e-05,7.08721544501861e-05,7.436771446360185e-05,7.545665261466544e-05,7.976740590049678e-05,7.399283423698466e-05,7.552329401051171e-05,7.231820747900966e-05,7.362585238566834e-05,7.971212295880378e-05,7.990178504386113e-05,7.673009823170221e-05,7.704810209444637e-05,8.206613347042733e-05,8.398603806105725e-05,7.785922394796927e-05,8.236073984077636e-05,7.81314813375581e-05,8.384792610674106e-05,7.649796363669047e-05,7.625057189263572e-05,7.539830146426733e-05,7.976957637413085e-05,8.091249364696295e-05,7.477908115728713e-05,7.787676343624864e-05,7.856158392768478e-05,8.210507522003762e-05,8.189416515239488e-05,7.863206173904851e-05,7.701322628835332e-05,7.613854505187166e-05,7.802075843585884e-05
ACTACGT,6.105799631060397e-05,6.314514491064312e-05,5.8735914503735006e-05,5.993271467017874e-05,6.46732600365929e-05,6.078342102124692e-05,5.965677575566986e-05,6.0804164758105246e-05,6.184830039461234e-05,6.539375296282032e-05,6.088415337933206e-05,6.239987699712829e-05,6.0453447637003194e-05,5.9430498617635745e-05,6.42417436308336e-05,6.304641255484895e-05,6.058527681837849e-05,6.267460403563602e-05,6.490439242668907e-05,6.572216955003904e-05,6.470260307269487e-05,6.655867586499194e-05,6.422809955108601e-05,6.795043265251058e-05,6.269876662957893e-05,6.268775535476146e-05,6.308717013417623e-05,6.567309213947947e-05,6.179463624261369e-05,6.213140843807559e-05,6.296463439127319e-05,6.237465583704804e-05,6.769419408032482e-05,6.74905278814475e-05,6.173974058000548e-05,6.369122430591202e-05,6.0307673998992906e-05,6.302903905685986e-05
CGTACTA,0.00018633139859919442,0.00018661378100397904,0.0001725311741635471,0.0001641407199324977,0.00021364655205759198,0.00017764230641930127,0.00017757417239192574,0.00018990914512030213,0.00018467262120528278,0.0002124213625726565,0.00018289578957135817,0.00019221143048915885,0.00018179423423643427,0.00017518506064196843,0.00021197467667966483,0.00019516385574515206,0.00017938995297953544,0.00018802405202920174,0.00022305662100249445,0.00022334450113563477,0.000207000706259872,0.00022691016106953538,0.0002079458893911502,0.00023297719318678372,0.0002000881929672004,0.00019259394936608704,0.00018468207960036753,0.0002101419672447501,0.00019544282007219956,0.0001854003545479569,0.00019788806285474605,0.00019605562270585456,0.00022325651069908121,0.00022646233761864263,0.00018295058741439762,0.00019530553981193338,0.00018546233444632768,0.0002014849779166449
CTCGCAT,7.292881005830252e-05,7.344222507933704e-05,6.928957585884553e-05,7.399079299765112e-05,7.597201042802408e-05,7.251202720088011e-05,6.853143899085728e-05,6.853978843772764e-05,7.348588109166227e-05,7.802262838475251e-05,7.080835982910213e-05,7.66175542769089e-05,6.840297565985724e-05,7.272721772626518e-05,7.716701405051027e-05,7.587608873182593e-05,7.291019551454111e-05,7.31919540729757e-05,7.760124490733594e-05,7.789786132974576e-05,7.684492539244373e-05,8.043435593134742e-05,7.341095035154604e-05,8.146645521315906e-05,7.474638128868872e-05,7.580676146399589e-05,7.425545745457113e-05,7.884650339163889e-05,7.288783015343052e-05,7.241254932945096e-05,7.690323281951084e-05,7.483954626155982e-05,7.866997877387324e-05,7.723558895249824e-05,7.328970430350233e-05,7.547527385922432e-05,7.52229530311345e-05,7.568380249019744e-05
